codigo,tipo,archivo,ruta_relativa,duracion_segundos,formato,codec_video,codec_audio,tamano_bytes,sha256
EV2-PAC-01_Entrevista,Audio,EV2-PAC-01_Entrevista.mp3,02_Audios_Originales\EV2-PAC-01_Entrevista.mp3,"285,91",mp3,,mp3,4575306.0,3888a1fb169e179f80cd556edfd9f434590ab0b32753f6d174c6921ccffb4fc9
EV2-PAC-03_Entrevista,Audio,EV2-PAC-03_Entrevista.mp3,02_Audios_Originales\EV2-PAC-03_Entrevista.mp3,"257,34",mp3,,mp3,4118346.0,92ca6a826eb98518f3e571055b66b54a9f3892addf532a7f6d2ba5aa71469b4f
EV2-PAC-04_Entrevista,Audio,EV2-PAC-04_Entrevista.mp3,02_Audios_Originales\EV2-PAC-04_Entrevista.mp3,"444,86",mp3,,mp3,7118538.0,0288ed21212bbcfedc198e724221c046adfed0e8467825b5664e25d119788db0
EV2-PAC-05_Entrevista,Audio,EV2-PAC-05_Entrevista.m4a,02_Audios_Originales\EV2-PAC-05_Entrevista.m4a,"788,52","mov,mp4,m4a,3gp,3g2,mj2",,aac,8154941.0,759c9ddf94af2cf31f5c3281b903b7d8be19a95eb0dc3214948392aba0f2e712
EV2-PAC-06_Entrevista,Audio,EV2-PAC-06_Entrevista.m4a,02_Audios_Originales\EV2-PAC-06_Entrevista.m4a,"735,04","mov,mp4,m4a,3gp,3g2,mj2",,aac,7539804.0,e46da5178a62a53a2afa72d6598e320b1e7323fcaaa278b16997d562e3b1ab5a
EV2-PAC-07_Entrevista,Audio,EV2-PAC-07_Entrevista.m4a,02_Audios_Originales\EV2-PAC-07_Entrevista.m4a,"565,76","mov,mp4,m4a,3gp,3g2,mj2",,aac,5758033.0,1726f0955de3aa04355f8f437b677daf1d1cd80ea88afa151954825140ccec02
EV2-PAC-08_Entrevista,Audio,EV2-PAC-08_Entrevista.m4a,02_Audios_Originales\EV2-PAC-08_Entrevista.m4a,"600,41","mov,mp4,m4a,3gp,3g2,mj2",,aac,6154346.0,1b4428109ce710c79eff5a0cf87a11036e6c542e2358d23415ac3b4b9e995e9f
EV2-PAC-09_Entrevista,Audio,EV2-PAC-09_Entrevista.m4a,02_Audios_Originales\EV2-PAC-09_Entrevista.m4a,"456,6","mov,mp4,m4a,3gp,3g2,mj2",,aac,4699552.0,6936c02f53aaaeee8a48f4ae7d366a3002af0a71dd07f4bb4b5fbdb2deae5858
WALK-NTEC-01_Entrevista,Audio,WALK-NTEC-01_Entrevista.mp3,02_Audios_Originales\WALK-NTEC-01_Entrevista.mp3,"237,08",mp3,,mp3,3794250.0,cfed57e8330149f3cc3af4fd013ff4b1c19ed24955da4028f34fac0fae810477
WALK-TEC-01_Entrevista,Audio,WALK-TEC-01_Entrevista.mp3,02_Audios_Originales\WALK-TEC-01_Entrevista.mp3,"1072,04",mp3,,mp3,17153610.0,8d8074415936d2208a3fa6d0d802d1e8886d1522671ff1b0d9e86737ee0c344d
EV2-PAC-01_Entrevista,Video,EV2-PAC-01_Entrevista.mp4,03_Videos_Originales\EV2-PAC-01_Entrevista.mp4,"285,92","mov,mp4,m4a,3gp,3g2,mj2",h264,aac,61370351.0,d9080bff56c21fb7ba5e1bd0485e05f5dfcf56602a5dff882fd7cef37cf7410f
EV2-PAC-01_Walktrough,Video,EV2-PAC-01_Walktrough.mp4,03_Videos_Originales\EV2-PAC-01_Walktrough.mp4,"126,16","mov,mp4,m4a,3gp,3g2,mj2",h264,aac,27088631.0,161fb39e995eed543a13f4fc56fb1aec78875311be930fb800f56cec160995de
EV2-PAC-03_Entrevista,Video,EV2-PAC-03_Entrevista.mp4,03_Videos_Originales\EV2-PAC-03_Entrevista.mp4,"257,35","mov,mp4,m4a,3gp,3g2,mj2",h264,aac,54294746.0,4e5a2f93e387cf9d45bcf31453190b1f4ed8b45b3436139b78cf6495d9d6ef34
EV2-PAC-03_Walkthrough,Video,EV2-PAC-03_Walkthrough.mp4,03_Videos_Originales\EV2-PAC-03_Walkthrough.mp4,"207,12","mov,mp4,m4a,3gp,3g2,mj2",h264,aac,44470938.0,65139870c71c1b8c1e05b95cef4a725cb873fbcaf4ab6e33d7b147256e210401
EV2-PAC-04_Entrevista,Video,EV2-PAC-04_Entrevista.mp4,03_Videos_Originales\EV2-PAC-04_Entrevista.mp4,"444,86","mov,mp4,m4a,3gp,3g2,mj2",h264,aac,95316582.0,1aec08f27a05e89a0d151486ef15602a3fd1fa5de4d6733b42a4c1bf84c4cd7f
EV2-PAC-04_Walkthrough,Video,EV2-PAC-04_Walkthrough.mp4,03_Videos_Originales\EV2-PAC-04_Walkthrough.mp4,"244,72","mov,mp4,m4a,3gp,3g2,mj2",h264,aac,52393056.0,cb4f3271fed6983df7ca3c76e05dfa3499895f168b7d49f5c8b3d4f8dce1a4ce
EV2-PAC-05_Entrevista,Video,EV2-PAC-05_Entrevista.mp4,03_Videos_Originales\EV2-PAC-05_Entrevista.mp4,"788,52","mov,mp4,m4a,3gp,3g2,mj2",h264,aac,18178615.0,b17223b30b6a8c45cb0980edb357a086ae796b97474a9de828ce452c2cfd9d43
EV2-PAC-05_Walktrough,Video,EV2-PAC-05_Walktrough.mp4,03_Videos_Originales\EV2-PAC-05_Walktrough.mp4,"263,36","mov,mp4,m4a,3gp,3g2,mj2",h264,aac,8235128.0,80307bbde93d7a46383b5d6bad66fd55e1c4eda08e3d22f810343c8018459c98
EV2-PAC-06_Entrevista,Video,EV2-PAC-06_Entrevista.mp4,03_Videos_Originales\EV2-PAC-06_Entrevista.mp4,"735,08","mov,mp4,m4a,3gp,3g2,mj2",h264,aac,18297522.0,fe8c1ce8dbaba64f3ad44cd10e39226e02606f9d0539ca6a962a2d3a6f6e9f09
EV2-PAC-06_Walktrough,Video,EV2-PAC-06_Walktrough.mp4,03_Videos_Originales\EV2-PAC-06_Walktrough.mp4,"165,48","mov,mp4,m4a,3gp,3g2,mj2",h264,aac,5172293.0,c03c949c8de43efcf5f932b5a2c8e521df52b6a4ea4826c921a9399345141565
EV2-PAC-07_Entrevista,Video,EV2-PAC-07_Entrevista.mp4,03_Videos_Originales\EV2-PAC-07_Entrevista.mp4,"565,76","mov,mp4,m4a,3gp,3g2,mj2",h264,aac,13299198.0,b19a08c79069ddb4f0f120492a9d216c3d9b9e841daf87263d222c79eb78cc99
EV2-PAC-07_Walktrough,Video,EV2-PAC-07_Walktrough.mp4,03_Videos_Originales\EV2-PAC-07_Walktrough.mp4,"189,23","mov,mp4,m4a,3gp,3g2,mj2",h264,aac,5032276.0,ff6f552eb07dc9c0334f9693198864e568950374528be16a8f413b8c1684864b
EV2-PAC-08_Entrevista,Video,EV2-PAC-08_Entrevista.mp4,03_Videos_Originales\EV2-PAC-08_Entrevista.mp4,"600,41","mov,mp4,m4a,3gp,3g2,mj2",h264,aac,14891718.0,0f7da0435e839c111bb764b710608ad6285c40d2855543c7ffae537cf74d2a25
EV2-PAC-09_Entrevista,Video,EV2-PAC-09_Entrevista.mp4,03_Videos_Originales\EV2-PAC-09_Entrevista.mp4,"456,6","mov,mp4,m4a,3gp,3g2,mj2",h264,aac,10659881.0,88c84a003ee127120edd7718c089dda008587801e0f5bab0b9a65b594d69e456
EV2-PAC-09_Walktrough,Video,EV2-PAC-09_Walktrough.mp4,03_Videos_Originales\EV2-PAC-09_Walktrough.mp4,"486,89","mov,mp4,m4a,3gp,3g2,mj2",h264,aac,14761964.0,74619ea603843451b6a61a83718a7052cd4f27c8fc2040b4ae2e64ca18b7186c
EVA2-PAC-10_Walkthrough,Video,EVA2-PAC-10_Walkthrough.mp4,03_Videos_Originales\EVA2-PAC-10_Walkthrough.mp4,"81,06","mov,mp4,m4a,3gp,3g2,mj2",h264,aac,9709818.0,42fb46d5464128e3eaaf50d2d8aa1104ade394cb53a8083cb4a5e94caf0cd1f4
EVA2-PAC-11_Walkthrough,Video,EVA2-PAC-11_Walkthrough.mp4,03_Videos_Originales\EVA2-PAC-11_Walkthrough.mp4,"218,3","mov,mp4,m4a,3gp,3g2,mj2",h264,aac,24708323.0,35df1fca003d5b9abc520b0431f92c9eb3d4bf8b7376e79ec77b993d252f30c0
EVA2-PAC-12_Entrevista.,Video,EVA2-PAC-12_Entrevista..mp4,03_Videos_Originales\EVA2-PAC-12_Entrevista..mp4,"28,23","mov,mp4,m4a,3gp,3g2,mj2",h264,aac,3270656.0,84d870901260d6b9afabdc7a521f5fe39ba28a67281748d82cea7df296f1de8a
EVA2-PAC-12_Walkthrough,Video,EVA2-PAC-12_Walkthrough.mp4,03_Videos_Originales\EVA2-PAC-12_Walkthrough.mp4,"28,23","mov,mp4,m4a,3gp,3g2,mj2",h264,aac,3270656.0,84d870901260d6b9afabdc7a521f5fe39ba28a67281748d82cea7df296f1de8a
EVA2-PAC-13_Walkthrough,Video,EVA2-PAC-13_Walkthrough.mp4,03_Videos_Originales\EVA2-PAC-13_Walkthrough.mp4,"292,29","mov,mp4,m4a,3gp,3g2,mj2",h264,aac,7973543.0,a069a922d29990c95176a71874ed31a2f71fbb20b6915d1cb4a61070cb7157d2
EVA2-PAC-14_Walkthrough,Video,EVA2-PAC-14_Walkthrough.mp4,03_Videos_Originales\EVA2-PAC-14_Walkthrough.mp4,"118,89","mov,mp4,m4a,3gp,3g2,mj2",h264,aac,13355947.0,0cb685adcc2ef108fb7125ff68f1484b08312a7118ef4c0f8a7a90c2dc391882
WALK-NTEC-01_Entrevista,Video,WALK-NTEC-01_Entrevista.mp4,03_Videos_Originales\WALK-NTEC-01_Entrevista.mp4,"237,08","mov,mp4,m4a,3gp,3g2,mj2",h264,aac,98028165.0,d1b2d8cb9a2dac19a47b9d7b92cc53a8e3920e65543cc1f92830c74f6a3fe63b
WALK-NTEC-01_Walktrough,Video,WALK-NTEC-01_Walktrough.mp4,03_Videos_Originales\WALK-NTEC-01_Walktrough.mp4,"207,57","mov,mp4,m4a,3gp,3g2,mj2",h264,aac,85357253.0,3c667272020daa545300c8d165ee6f902d3c19aced2d9d8f01e504a03a463d51
WALK-TEC-01_Entrevista,Video,WALK-TEC-01_Entrevista.mp4,03_Videos_Originales\WALK-TEC-01_Entrevista.mp4,"1072,08","mov,mp4,m4a,3gp,3g2,mj2",h264,aac,30457531.0,a84ec2e91652511454f0852b3cfef45b09953878701534057110f4a6fc709813
WALK-TEC-01_Preguntas_Adicionales_Entrevista,Video,WALK-TEC-01_Preguntas_Adicionales_Entrevista.mp4,03_Videos_Originales\WALK-TEC-01_Preguntas_Adicionales_Entrevista.mp4,"546,54","mov,mp4,m4a,3gp,3g2,mj2",h264,aac,16504454.0,292a969299b2243ef440746fa57d0ea828ad40e8cbf955999cf6501992be3a9f
WALK-TEC-01_Walkthrough,Video,WALK-TEC-01_Walkthrough.mp4,03_Videos_Originales\WALK-TEC-01_Walkthrough.mp4,"561,36","mov,mp4,m4a,3gp,3g2,mj2",h264,aac,12700814.0,932e1506f70488fbd4e08ea3c75790cf0e742afe47cd8a1efe681a6af15827f5
Walkthrough_walk_TEC-02,Video,Walkthrough_walk_TEC-02.mp4,03_Videos_Originales\Walkthrough_walk_TEC-02.mp4,"239,51","mov,mp4,m4a,3gp,3g2,mj2",h264,aac,5285575.0,edf2cdafc962c71e4ccae452cdda0ae3e57f703a2827ef5c61bb3605ae71db75
EFT-01_Entrevista,Video,EFT-01_Entrevista.mp4,03_Videos_Originales\EFT-01_Entrevista.mp4,1153,mp4,h264,aac,52716661.0,2CC31F4277C21CBA913D306E7A72D18FD50928BD8DEBDAE6BA11FEB010FBA97B
EFT-02_Entrevista,Video,EFT-02_Entrevista.mp4,03_Videos_Originales\EFT-02_Entrevista.mp4,1124,mp4,h264,aac,24882811.0,56E0999F6504BB518A8222BDBDCFE34C82692D9A12B21122264FDC3940F80227
EFT-03_Entrevista,Video,EFT-03_Entrevista.mp4,03_Videos_Originales\EFT-03_Entrevista.mp4,881,mp4,h264,aac,45986497.0,654D08C443F1EF7B1D8689312987937918C15246E208F87B00BF6DB1FC400462
FAM-01_Entrevista,Video,FAM-01_Entrevista.mp4,03_Videos_Originales\FAM-01_Entrevista.mp4,872,mp4,h264,aac,15338017.0,C7C5796E322739E08BCEA4D9FF73703FF43F168C8A65FB4DE2F4CDF5B95B4218
FAM-02_Entrevista,Video,FAM-02_Entrevista.mp4,03_Videos_Originales\FAM-02_Entrevista.mp4,884,mp4,h264,aac,14724093.0,FF0078D96F37568D44BE15FFEC568348E45058E2A763056DA3EA0CA73630BDB4
FAM-03_Entrevista,Video,FAM-03_Entrevista.mp4,03_Videos_Originales\FAM-03_Entrevista.mp4,894,mp4,h264,aac,23252894.0,220D4667B2A76E312928F6DD862DBE45C27F89F29A340B4F0E2A4E92583BBAB6
FAM-04_Entrevista,Video,FAM-04_Entrevista.mp4,03_Videos_Originales\FAM-04_Entrevista.mp4,602,mp4,h264,aac,13610955.0,46FD750BE76043857EC02E8B58D3136551EC359BA6E4CF568FDDFE314CFF0325
FIS-01_Entrevista,Video,FIS-01_Entrevista.mp4,03_Videos_Originales\FIS-01_Entrevista.mp4,930,mp4,h264,aac,10456477.0,44553CE65C69BDACF472B66248229D6CE4BF1FB88F5F03BABE115A7D602DDD70
