codigo_evidencia,tipo,archivo_origen,ruta_restringida,publicacion_texto_completo,justificacion
EV2-PAC-01,Walkthrough,EV2-PAC-01_Transcripción_Walkthrough.pdf,Entrevistas/EV2-PAC-01/EV2-PAC-01_Transcripción_Walkthrough.pdf,No,El texto completo permanece en zona restringida para proteger datos personales; el dataset público conserva metadatos anonimizados.
EV2-PAC-03,Walkthrough,EV2-PAC-03_Transcripción_Walkthrough.pdf,Entrevistas/EV2-PAC-03/EV2-PAC-03_Transcripción_Walkthrough.pdf,No,El texto completo permanece en zona restringida para proteger datos personales; el dataset público conserva metadatos anonimizados.
EV2-PAC-04,Entrevista,EV2-PAC-04_Transcripción_Entrevista.docx,Entrevistas/EV2-PAC-04/EV2-PAC-04_Transcripción_Entrevista.docx,No,El texto completo permanece en zona restringida para proteger datos personales; el dataset público conserva metadatos anonimizados.
EV2-PAC-05,Walkthrough,Transcripcion_Video_ACTA WALKTHROUGH_EV2-PAC-05_Arreglado.pdf,Entrevistas/EV2-PAC-05/Transcripcion_Video_ACTA WALKTHROUGH_EV2-PAC-05_Arreglado.pdf,No,El texto completo permanece en zona restringida para proteger datos personales; el dataset público conserva metadatos anonimizados.
EV2-PAC-05,Entrevista,Transcripcion_Video_Entrevista_Consentimiento_EV2-PAC-05_Arreglado.pdf,Entrevistas/EV2-PAC-05/Transcripcion_Video_Entrevista_Consentimiento_EV2-PAC-05_Arreglado.pdf,No,El texto completo permanece en zona restringida para proteger datos personales; el dataset público conserva metadatos anonimizados.
EV2-PAC-06,Walkthrough,Transcripcion_Video_ACTA WALKTHROUGH_EV2-PAC-06_Arreglado.pdf,Entrevistas/EV2-PAC-06/Transcripcion_Video_ACTA WALKTHROUGH_EV2-PAC-06_Arreglado.pdf,No,El texto completo permanece en zona restringida para proteger datos personales; el dataset público conserva metadatos anonimizados.
EV2-PAC-06,Entrevista,Transcripcion_Video_Entrevista_Consentimiento_EV2-PAC-06_Arreglado.pdf,Entrevistas/EV2-PAC-06/Transcripcion_Video_Entrevista_Consentimiento_EV2-PAC-06_Arreglado.pdf,No,El texto completo permanece en zona restringida para proteger datos personales; el dataset público conserva metadatos anonimizados.
EV2-PAC-07,Walkthrough,Transcripcion_Video_ACTA WALKTHROUGH_EV2-PAC-07_Arreglado.pdf,Entrevistas/EV2-PAC-07/Transcripcion_Video_ACTA WALKTHROUGH_EV2-PAC-07_Arreglado.pdf,No,El texto completo permanece en zona restringida para proteger datos personales; el dataset público conserva metadatos anonimizados.
EV2-PAC-07,Entrevista,Transcripcion_Video_Entrevista_Consentimiento_EV2-PAC-07_Arreglado.pdf,Entrevistas/EV2-PAC-07/Transcripcion_Video_Entrevista_Consentimiento_EV2-PAC-07_Arreglado.pdf,No,El texto completo permanece en zona restringida para proteger datos personales; el dataset público conserva metadatos anonimizados.
EV2-PAC-08,Entrevista,Transcripcion_Video_Entrevista_Consentimiento_EV2-PAC-08_Arreglado.pdf,Entrevistas/EV2-PAC-08/Transcripcion_Video_Entrevista_Consentimiento_EV2-PAC-08_Arreglado.pdf,No,El texto completo permanece en zona restringida para proteger datos personales; el dataset público conserva metadatos anonimizados.
EV2-PAC-09,Walkthrough,Transcripcion_Video_ACTA WALKTHROUGH_EV2-PAC-09_Arreglado.pdf,Entrevistas/EV2-PAC-09/Transcripcion_Video_ACTA WALKTHROUGH_EV2-PAC-09_Arreglado.pdf,No,El texto completo permanece en zona restringida para proteger datos personales; el dataset público conserva metadatos anonimizados.
EV2-PAC-09,Entrevista,Transcripcion_Video_Entrevista_Consentimiento_EV2-PAC-09_Arreglado.pdf,Entrevistas/EV2-PAC-09/Transcripcion_Video_Entrevista_Consentimiento_EV2-PAC-09_Arreglado.pdf,No,El texto completo permanece en zona restringida para proteger datos personales; el dataset público conserva metadatos anonimizados.
EV2-PAC-10,Entrevista,EV2-PAC-10_Transcripcion.pdf,Entrevistas/EV2-PAC-10/EV2-PAC-10_Transcripcion.pdf,No,El texto completo permanece en zona restringida para proteger datos personales; el dataset público conserva metadatos anonimizados.
EV2-PAC-10,Walkthrough,EV2-PAC-10_Transcripción_Walkthrough.pdf,Entrevistas/EV2-PAC-10/EV2-PAC-10_Transcripción_Walkthrough.pdf,No,El texto completo permanece en zona restringida para proteger datos personales; el dataset público conserva metadatos anonimizados.
EV2-PAC-11,Walkthrough,EV2-PAC-11_Transcripción_Walkthrough.pdf,Entrevistas/EV2-PAC-11/EV2-PAC-11_Transcripción_Walkthrough.pdf,No,El texto completo permanece en zona restringida para proteger datos personales; el dataset público conserva metadatos anonimizados.
EV2-PAC-12,Walkthrough,EV2-PAC-12_Transcripción_Walkthrough.pdf,Entrevistas/EV2-PAC-12/EV2-PAC-12_Transcripción_Walkthrough.pdf,No,El texto completo permanece en zona restringida para proteger datos personales; el dataset público conserva metadatos anonimizados.
EV2-PAC-13,Walkthrough,EV2-PAC-13_Transcripción_Walkthrough.pdf,Entrevistas/EV2-PAC-13/EV2-PAC-13_Transcripción_Walkthrough.pdf,No,El texto completo permanece en zona restringida para proteger datos personales; el dataset público conserva metadatos anonimizados.
EV2-PAC-14,Walkthrough,EV2-PAC-14_Transcripción_Walkthrough.pdf,Entrevistas/EV2-PAC-14/EV2-PAC-14_Transcripción_Walkthrough.pdf,No,El texto completo permanece en zona restringida para proteger datos personales; el dataset público conserva metadatos anonimizados.
WALK-NTEC-01,Walkthrough,WALK-NTEC-01_Transcripción_Walkthrough.pdf,Entrevistas/WALK-NTEC-01/WALK-NTEC-01_Transcripción_Walkthrough.pdf,No,El texto completo permanece en zona restringida para proteger datos personales; el dataset público conserva metadatos anonimizados.
WALK-TEC-01,Entrevista,WALK-TEC-01_Transcripción_Entrevista.pdf,Entrevistas/WALK-TEC-01/WALK-TEC-01_Transcripción_Entrevista.pdf,No,El texto completo permanece en zona restringida para proteger datos personales; el dataset público conserva metadatos anonimizados.
WALK-TEC-01,Walkthrough,WALK-TEC-01_Transcripción_Walkthrough.pdf,Entrevistas/WALK-TEC-01/WALK-TEC-01_Transcripción_Walkthrough.pdf,No,El texto completo permanece en zona restringida para proteger datos personales; el dataset público conserva metadatos anonimizados.
